employee_id,company_id,employee_name,department,monthly_budget
1,28,Elizabeth Clark,Sales,1205
2,7,Lisa Morris,Finance,5591
3,73,Michael Dixon,Sales,4450
4,72,Toni Fitzgerald,Marketing,7005
5,12,Diane Beck,Marketing,4811
6,34,Anna Crane,Sales,4622
7,33,Eric Drake,Operations,4599
8,48,Angel Riggs,Finance,3551
9,23,Patricia Gibson,Marketing,6141
10,62,Laura Higgins,Operations,5308
11,88,James Hernandez,Sales,1309
12,37,Stephanie Dalton,Operations,3708
13,99,Paula Robinson,Engineering,2991
14,44,Melissa Marshall,Marketing,7896
15,86,Sylvia Martinez,Sales,1271
16,91,John Schmidt,Finance,4642
17,35,Emily Fischer,Sales,5086
18,65,Robert Mcclain,Finance,2822
19,99,Terry Griffin,Sales,4273
20,47,Scott Cole,Operations,7175
21,78,Sara Ramirez,Operations,5538
22,3,Kari Allen,Operations,7305
23,1,Micheal Young,Engineering,7910
24,5,Steven Miller,Finance,5349
25,90,James Hernandez,Operations,1520
26,14,Jason Rivera,Engineering,1976
27,27,Antonio Wall,Finance,4722
28,9,Randy Shah,Sales,4551
29,79,Spencer Johnston,Engineering,5105
30,15,Tommy Evans,Marketing,3773
31,90,Steven Houston,Engineering,3552
32,42,Morgan Marsh,Engineering,3832
33,77,Katherine Nelson,Finance,4907
34,51,Mr. Michael Yates,Sales,6679
35,63,Sara Calhoun,Marketing,7579
36,96,Ms. Susan Vargas,Operations,6230
37,52,Angela Patterson,Operations,1152
38,96,Catherine Green,Engineering,6754
39,4,Jesse Rogers,Finance,3964
40,94,Diana Bean,Finance,3916
41,23,Ruben Ruiz,Operations,3800
42,15,Amy Crane,Marketing,6952
43,43,Barry Bernard,Sales,6310
44,29,Andre Wright,Marketing,2752
45,36,Lisa Allen,Sales,3610
46,13,Brian Gould,Operations,4875
47,32,David Wood,Sales,2104
48,71,Tracey Higgins,Finance,3536
49,59,Carla Collins,Engineering,5990
50,86,Tanya Johnston,Engineering,6207
51,28,Jaime David,Operations,5199
52,66,Kevin Rivas,Finance,4854
53,42,Michael Turner,Marketing,4494
54,45,Renee Hogan,Finance,2914
55,62,Amanda Patel,Engineering,4072
56,57,Andrea Holland,Engineering,2006
57,6,Jason Henry,Finance,1406
58,28,Jack Snow,Finance,6497
59,28,Christian Thompson,Engineering,1166
60,44,Marie Gilbert,Marketing,1508
61,84,Patricia Marshall,Operations,2661
62,30,Leslie Morris,Operations,7456
63,62,Timothy Ramirez,Finance,4664
64,75,Paul Hudson,Operations,4489
65,92,Gabrielle Snyder,Engineering,5858
66,89,John Kelly,Engineering,1680
67,62,Douglas Carlson,Finance,3524
68,97,Kristi Black,Finance,3120
69,1,David Russell,Finance,6260
70,27,Cynthia Alvarez,Marketing,5677
71,62,Joan Smith,Operations,5357
72,77,Jared Sanchez,Finance,2363
73,3,Jackie Tran,Sales,2331
74,70,Zachary Pierce,Sales,3292
75,72,Jesse Parker,Engineering,2538
76,27,Nathan Stewart,Operations,4408
77,9,Tiffany Vaughn,Finance,1560
78,62,Parker Hill,Sales,2099
79,37,Paige Carlson,Operations,2903
80,97,Dr. Elizabeth Ward,Engineering,1174
81,51,Michael Martinez,Marketing,3156
82,44,Anthony Carter,Operations,3230
83,24,Margaret Mullins,Operations,5287
84,79,Adam Mitchell,Marketing,5160
85,59,Glen Sheppard,Operations,4920
86,32,Scott Wilson,Engineering,2497
87,96,John Ray,Engineering,4854
88,88,Brittany Shepherd,Marketing,4171
89,52,Angela Wright,Finance,2567
90,62,Jennifer Carlson,Sales,2151
91,58,Patricia James,Finance,7033
92,52,Elizabeth Chapman,Operations,1368
93,12,Keith Brown,Sales,5946
94,39,Annette Farmer,Marketing,1042
95,2,Deborah Miller,Marketing,2907
96,3,Juan Moore,Sales,4490
97,56,Michael Harrison,Engineering,3535
98,81,Dwayne Campbell,Sales,5173
99,59,Andrea Hall,Operations,3873
100,2,Rick Lawrence,Engineering,2824
101,2,Christina Wilson,Marketing,2293
102,92,Chase Baker,Sales,5769
103,54,Anthony Sparks,Finance,5796
104,87,Samantha Morse,Finance,5854
105,96,John Torres,Operations,7019
106,97,Dillon Fernandez,Finance,7871
107,1,Kyle Preston,Sales,4386
108,19,Lindsey Johnson,Sales,3972
109,2,Michael Valencia,Finance,4922
110,53,Alicia Hubbard,Sales,5997
111,44,Laura Hines,Operations,1992
112,90,Joseph Ramos,Engineering,6287
113,32,Zachary Graham,Operations,3386
114,70,Tracy Harrison,Operations,3240
115,32,Frank Garcia,Sales,2476
116,68,Jason Simpson,Engineering,7426
117,55,Jennifer Hodges,Sales,4407
118,75,Brandon King,Marketing,1389
119,56,Raymond Hancock,Sales,1999
120,17,April Booth,Sales,5620
121,38,Anthony Stone,Sales,2855
122,24,Kathleen Ramos,Engineering,6602
123,69,Derek Anderson,Sales,1658
124,98,Stanley Washington,Engineering,3763
125,70,Mark Lloyd,Finance,4663
126,86,Emily Smith,Marketing,5986
127,11,Danny Skinner,Engineering,2481
128,16,Travis Holland,Finance,4731
129,97,Timothy Carter,Engineering,1451
130,73,Jennifer Olson,Engineering,3475
131,59,Jesus Thomas,Marketing,4222
132,70,Kyle Francis,Operations,2537
133,80,Benjamin Barton,Operations,4093
134,93,Gina French,Engineering,1882
135,3,Aaron Barber,Sales,5408
136,20,Lauren Keller,Finance,5068
137,59,Jill Washington,Sales,5935
138,36,Phillip Bennett,Sales,3566
139,19,Sheila Pollard,Engineering,4277
140,90,James Chase,Engineering,1374
141,67,Evan Kennedy,Engineering,5546
142,19,Jane Mcneil,Engineering,4697
143,20,Marissa Hernandez,Operations,4062
144,96,Beth Sanford,Engineering,5690
145,71,Brian Kirk,Operations,4250
146,52,Thomas Smith,Operations,6329
147,33,Seth Booker,Engineering,5595
148,40,Richard Baker,Marketing,5559
149,39,Jennifer Miller,Finance,1112
150,82,Michael Ferguson,Sales,6131
151,1,Lori Clay,Operations,4197
152,11,Joshua Williamson II,Finance,3378
153,92,Donna Perez,Marketing,2924
154,57,William Hodges,Sales,1139
155,89,Ashlee Jackson,Sales,2424
156,50,Allen Nguyen,Operations,3949
157,23,Ian Jordan,Engineering,4168
158,31,Jason Maldonado,Marketing,1516
159,94,Christopher Lynch,Operations,3616
160,42,Michael Jimenez,Marketing,7043
161,99,Crystal Little,Engineering,7989
162,7,Michael Nolan,Engineering,7261
163,16,Dwayne Payne,Operations,1887
164,90,Tony Huerta,Engineering,4104
165,60,Victor Vaughn,Finance,6437
166,2,Eric Kidd,Sales,1049
167,1,Ashley James,Operations,4951
168,48,Edward Lyons,Marketing,4560
169,12,Ronald Foster,Finance,1018
170,69,Sean Osborne,Operations,5821
171,37,Susan Mcgee,Engineering,7340
172,32,Stephanie Parsons,Engineering,2473
173,9,Robert Robinson,Engineering,5061
174,99,David Campos,Engineering,3606
175,19,Melanie Taylor,Marketing,1451
176,48,Mark Williams,Finance,7432
177,80,Amanda Diaz,Sales,6260
178,3,Theodore Murphy,Marketing,6203
179,20,Curtis Buchanan,Marketing,4765
180,24,Holly Shaw,Sales,3438
181,54,Christopher Sloan,Sales,5310
182,33,Tracy Phillips,Engineering,2549
183,24,Regina Mcdonald,Marketing,7358
184,75,Paul Perez,Operations,4474
185,72,Megan Sanders,Sales,1127
186,36,Kristin Davis,Sales,6941
187,38,Dennis Martinez,Finance,5855
188,84,Paul Baker,Operations,7547
189,99,Mark Watson,Operations,6911
190,89,Kaitlyn Harvey,Sales,7481
191,99,Erin Bishop,Engineering,7974
192,25,Madison Marshall,Finance,3761
193,93,Marie Wilson,Operations,5456
194,18,Andrew Ferrell,Sales,5664
195,82,David Medina,Operations,2415
196,66,Jacob Avery,Finance,7361
197,54,Kimberly Matthews,Finance,6693
198,35,Stacey Pena,Marketing,6788
199,80,Lisa Crosby,Sales,1201
200,61,Michael Robinson,Finance,7160
201,41,David Cox,Marketing,3369
202,100,Mrs. Stephanie Newman,Marketing,1517
203,33,Donald Donaldson,Operations,6444
204,68,Samantha Davis,Operations,6531
205,33,Mark Maddox,Marketing,2341
206,14,Gavin Zhang,Operations,5776
207,21,Christine Gallegos,Finance,2988
208,48,Laurie Li,Engineering,4545
209,20,Raymond Kramer,Finance,6587
210,8,Destiny Riggs,Marketing,5520
211,7,Ms. Rebecca Rodriguez,Marketing,7064
212,67,Bonnie Howard,Finance,4802
213,17,Leah Smith,Operations,6808
214,33,Cameron Fisher,Operations,4275
215,48,Arthur West,Marketing,4654
216,76,Kevin Hayes,Sales,3434
217,59,Luis Acosta,Operations,5873
218,86,Mary Turner,Finance,7241
219,22,Amanda Lutz,Operations,6922
220,30,Jessica Rodriguez,Finance,1207
221,38,Jill Lam,Marketing,6633
222,51,Charles Martinez,Operations,6755
223,54,Lauren Joseph,Finance,3633
224,8,Kyle Phillips,Marketing,7309
225,27,Jessica Mcguire,Sales,5117
226,27,Matthew Rich,Finance,1153
227,98,Sharon Jordan,Sales,7058
228,21,Jennifer Wilcox,Sales,4366
229,30,Nicholas Edwards,Engineering,5314
230,97,David Mckay,Operations,5764
231,28,Kara Davis,Finance,2518
232,64,Jeffrey Garner,Sales,7373
233,97,Carlos Brown,Engineering,7163
234,69,Kristina Santiago,Marketing,3600
235,61,Shane Pugh,Finance,6045
236,48,Thomas Williams,Sales,3195
237,19,Erik Garcia,Operations,5498
238,4,Brittney Olson,Engineering,5691
239,35,Hayley Hawkins,Sales,4554
240,64,Donald Perez,Operations,3414
241,49,Justin Saunders,Sales,6533
242,17,Megan Hawkins,Finance,3849
243,44,Mary Steele,Finance,6253
244,92,Donald Farmer,Finance,2742
245,30,Heather White,Engineering,2306
246,93,Matthew Jones,Finance,4849
247,46,Valerie Davis,Operations,5168
248,6,Jamie Chavez,Sales,5576
249,99,Eric Nguyen,Marketing,5655
250,37,Linda Ware,Operations,5840
251,24,Paul Williams,Operations,6562
252,93,Jeremy Coleman,Finance,5195
253,46,Jennifer Lewis,Engineering,6178
254,53,Haley Rodriguez,Sales,3555
255,95,Leslie Rose,Engineering,3305
256,99,Daniel Joyce,Sales,5508
257,60,Dan Dougherty,Sales,2088
258,97,Pamela Roberts,Engineering,3642
259,63,Jonathan Jordan,Operations,2177
260,85,Joseph Hall,Sales,7104
261,32,Mary Gomez,Engineering,7409
262,87,Patrick Graham,Sales,5916
263,33,Blake Edwards,Marketing,5757
264,67,Jared Bowman,Operations,3994
265,18,Jared Burch,Finance,1559
266,25,Travis Stevens,Sales,3964
267,95,Heidi Kim,Marketing,2271
268,54,Jeffrey Morales,Finance,2813
269,58,Seth Reese,Finance,3915
270,67,Richard Jones,Sales,1609
271,46,Kerry Lee,Engineering,3461
272,24,Heather Mullen,Sales,5120
273,32,Brittany Garcia,Marketing,7124
274,47,Christopher Hernandez,Finance,1283
275,86,Angela Bean,Sales,6568
276,23,Julie Elliott,Engineering,3928
277,66,Melanie Macias,Sales,5396
278,27,Victoria Morris,Operations,2091
279,2,Emily Gonzales,Engineering,6126
280,90,Mark Hogan,Marketing,1816
281,17,Heather Jones,Finance,1082
282,33,Andrew Wood,Sales,2920
283,9,Matthew Madden,Engineering,4491
284,43,Kirk Cruz,Operations,4144
285,48,Tiffany Stevenson,Engineering,3093
286,39,Terry Armstrong,Operations,5713
287,93,Larry Mason,Marketing,7405
288,42,Joanna Shepherd,Finance,1175
289,26,Vickie Miller,Marketing,6285
290,99,Amanda Zimmerman,Sales,3704
291,50,Kelly Bishop MD,Engineering,5937
292,25,Jasmine Schroeder,Operations,1369
293,24,Amy Mccoy,Operations,2818
294,13,Gary Grant,Engineering,3101
295,60,David York,Engineering,5785
296,7,Lindsey Hernandez,Sales,4490
297,57,Matthew Rangel,Marketing,2779
298,36,Matthew Bates,Operations,2364
299,45,Michael Miller,Sales,6528
300,20,Maria Murphy,Marketing,5462
301,65,Michael Valentine,Sales,4342
302,8,Susan Davis DDS,Operations,5739
303,16,Alicia Parker,Engineering,4676
304,14,Gloria Miranda,Engineering,3426
305,76,Zachary Moore,Marketing,1072
306,87,Richard Romero,Finance,3962
307,15,Nancy Rose,Marketing,6367
308,92,Sherri Williamson,Finance,1859
309,98,Brittany White,Sales,4856
310,66,Lori Orr,Sales,5138
311,32,Amanda Diaz,Operations,3424
312,87,Tracy Bishop,Finance,2064
313,63,Rachel Young,Operations,3217
314,86,Vincent Mueller,Engineering,5017
315,51,Cheyenne Gregory,Finance,3259
316,25,Jessica Hammond,Marketing,6612
317,58,Kathryn Barnes,Engineering,4751
318,63,Curtis Jacobs,Engineering,3086
319,62,Amy Castillo,Marketing,1368
320,22,Timothy Dawson,Engineering,3804
321,58,Belinda Miller,Finance,1150
322,58,Jerry Palmer,Operations,2134
323,86,Anna Lozano,Engineering,6599
324,49,Stacey Arias,Finance,6555
325,52,James Brooks,Sales,6166
326,42,Brad Walker,Finance,6119
327,70,Brett Espinoza,Operations,6694
328,15,Charles Johnson,Finance,3784
329,54,Kaitlyn Guerra,Marketing,7136
330,60,Julie Gilbert,Operations,6485
331,97,Alicia Lewis,Sales,5164
332,8,Todd Lynch,Marketing,3346
333,53,Ricardo Young,Finance,6039
334,60,David Fowler,Operations,5897
335,5,Amy Copeland,Sales,7439
336,68,Mr. Mark Andrews DDS,Marketing,3250
337,6,Aaron Gomez,Sales,1060
338,96,Chelsea Barnett,Finance,6041
339,94,Heather Ashley,Sales,4010
340,47,Rachel Romero,Engineering,4901
341,99,Shane Williams,Marketing,2337
342,55,James Burgess,Sales,2184
343,40,Austin Allen,Finance,5426
344,52,Ashley Perkins,Finance,2551
345,16,Brandi Bell,Sales,5433
346,13,Marvin Greer,Finance,2629
347,30,Veronica Mendoza,Operations,2327
348,19,Chad Baldwin,Operations,2526
349,17,Amanda Harris,Operations,2673
350,63,Stacey Stewart,Engineering,2361
351,19,James Ochoa,Sales,2573
352,92,Andrew Lucas,Engineering,3686
353,58,Scott Williams,Finance,5370
354,55,Denise Lloyd,Engineering,6283
355,90,James Gonzales,Finance,3366
356,90,Gina Lopez,Finance,7732
357,62,Holly Salinas,Marketing,7647
358,23,Bradley Coleman,Operations,4757
359,9,Zachary White,Finance,3434
360,12,Brian Murphy,Marketing,2993
361,1,Jeremy Robbins,Operations,1869
362,58,Jeremy West,Finance,7976
363,1,Susan Mendez,Finance,2014
364,34,Mark Moody,Engineering,2911
365,96,Michael Sullivan,Engineering,1602
366,48,Nicole Moore,Operations,4821
367,89,Samuel Gregory,Finance,6895
368,1,Cameron Young,Sales,1690
369,16,Heidi Herring,Engineering,1493
370,61,Christian Cole,Operations,1489
371,64,Jeremy Jones,Finance,7864
372,63,Jacob Edwards,Finance,3556
373,69,Tyler Johnson,Sales,5485
374,22,Joseph Mcintyre,Operations,1294
375,93,Reginald Padilla,Finance,6488
376,67,Logan Benson,Engineering,5027
377,76,Mrs. Brandy Jones MD,Sales,3843
378,26,Yolanda Cochran,Operations,3912
379,16,Victoria Contreras,Sales,2717
380,51,Krista Roberts,Engineering,3596
381,86,Christopher Mckinney,Operations,5744
382,57,Carrie Ward,Sales,2873
383,29,William Conner,Marketing,5663
384,78,Johnny Ward,Engineering,4258
385,92,Julie Bird,Engineering,7996
386,69,Stephen Jones,Engineering,3817
387,47,Mitchell Mendoza,Marketing,1444
388,94,Jason Andrews,Marketing,4641
389,62,Evan Jones,Finance,5458
390,69,Joseph Anderson,Sales,7266
391,76,Kristen Matthews,Finance,6307
392,16,Betty Shaw,Sales,1741
393,90,Sandra Holmes,Marketing,3041
394,90,Christopher Donovan,Marketing,1679
395,48,Travis Stone,Finance,3467
396,85,Blake Gonzalez,Operations,4697
397,39,Denise Weber,Finance,6738
398,100,Anna Davidson,Sales,6668
399,33,Lauren Jackson,Finance,2358
400,94,Stephanie Morgan,Engineering,7235
401,23,Amanda Shields,Sales,1062
402,10,Travis Wise,Sales,3559
403,69,Daniel Armstrong,Operations,6258
404,100,Amanda Small,Marketing,4769
405,34,Maria Turner,Sales,6324
406,52,Robert Sullivan,Marketing,7915
407,95,Michael Moore,Finance,5351
408,10,John Peterson,Engineering,1134
409,19,Scott Flores,Operations,4644
410,58,Haley Ross PhD,Marketing,5970
411,96,Ashley Allen,Sales,5917
412,1,Jerry Thomas,Marketing,3135
413,69,Tony Lin,Sales,4278
414,4,Victor Barrera,Marketing,1822
415,16,Taylor Griffith,Sales,4074
416,24,Christopher Ferrell,Finance,6069
417,80,Shawn Jimenez,Sales,3981
418,2,James Bryant,Sales,6873
419,92,Kevin Williams,Engineering,1120
420,32,Kyle Cameron,Sales,2637
421,91,Donna Smith,Engineering,6460
422,84,Cesar Baker,Operations,6103
423,24,Jamie Williams,Engineering,1924
424,12,Justin Cox,Finance,1644
425,50,James Cole,Engineering,3032
426,35,Samantha Hanson,Operations,3761
427,33,Betty Davis,Finance,3068
428,33,William Grant,Marketing,1241
429,61,Charles Morrison,Marketing,7598
430,51,Andrew Williams,Engineering,3668
431,43,Regina Stone,Engineering,7446
432,12,Steven Taylor,Operations,6715
433,67,Emily Long,Operations,1802
434,65,Sarah Wheeler,Sales,6059
435,33,Katrina Burns,Operations,5164
436,40,Karen Smith,Sales,6248
437,74,Brian Butler,Finance,1195
438,43,Steven Wiggins,Engineering,3187
439,44,Linda Baker,Finance,4515
440,29,Valerie Lane,Operations,3330
441,13,Anthony Castillo,Finance,3359
442,12,Michelle Hampton,Finance,5841
443,95,Roberto Allen,Finance,4606
444,46,Melody Lee,Operations,6784
445,2,Jason Gutierrez,Finance,1276
446,35,Jonathan Carr,Sales,1060
447,87,Ryan Luna,Operations,4390
448,81,Kelly Hoffman,Finance,2913
449,90,Mrs. Jamie Frye DDS,Operations,7195
450,8,Kimberly Lowe,Marketing,4927
451,93,Melanie Lara,Sales,7296
452,26,John Bernard,Finance,6868
453,74,Edwin David,Marketing,6430
454,90,Dr. Michele Vaughn,Marketing,6933
455,34,John Castro DVM,Operations,3591
456,7,Donna Berry,Marketing,1566
457,68,Stephanie Foster,Sales,4935
458,58,Raymond Thomas,Sales,2571
459,75,Tyler Miller,Engineering,5717
460,29,Mary Burgess,Sales,7121
461,36,Ronald Nelson,Marketing,2200
462,89,Denise Rodriguez,Sales,5409
463,21,Cynthia Williams,Operations,3854
464,36,Courtney Hall,Engineering,3895
465,10,Gary Kennedy,Marketing,7240
466,73,Brenda Oconnell,Engineering,2236
467,24,Brooke Delgado,Marketing,7972
468,64,Karen Santos,Operations,1136
469,99,Donna Mitchell,Engineering,2029
470,49,Randy Pearson,Finance,3156
471,99,Parker Jefferson,Marketing,3594
472,36,Thomas Butler,Finance,1661
473,82,Taylor Johnson,Engineering,3472
474,96,Rachel Lopez,Finance,3677
475,24,Shelia Roberts,Finance,3308
476,23,Edwin Morrison,Engineering,1086
477,62,Frances Gibson,Operations,3512
478,96,Kelly Small,Finance,7219
479,37,Jonathan Nelson,Finance,7614
480,12,Erin Simon,Operations,7557
481,55,Michelle Smith,Finance,7968
482,13,Edward Craig,Finance,3942
483,23,Levi Fowler,Finance,3773
484,89,Jeffrey Murphy,Sales,3504
485,99,Brandon Holden,Operations,6404
486,30,Timothy Smith,Finance,4310
487,17,Jeremy Adams,Operations,2700
488,62,Kevin Berry,Marketing,4670
489,84,Ian Young,Marketing,3700
490,89,Julie Moore,Finance,7815
491,86,Tammy Barron,Operations,4629
492,13,Melissa Fowler,Operations,5590
493,59,Holly Walker,Operations,2647
494,19,Karen Gibson,Sales,7038
495,49,Jacqueline Miles DVM,Marketing,6164
496,100,Rebecca Petersen,Operations,6520
497,12,Melanie Larson,Operations,4318
498,61,Kelly Rice,Sales,4687
499,19,Thomas Rodriguez,Sales,1596
500,76,Stephanie Harris,Operations,5545
501,9,Carmen Bond,Engineering,1484
502,71,Michael Love,Operations,1645
503,28,Steven Griffin Jr.,Operations,7763
504,78,Jason Elliott,Sales,4089
505,95,Megan Parker,Sales,6725
506,52,David Smith,Operations,5757
507,83,Benjamin Henderson,Operations,5853
508,16,Kimberly Brown,Operations,5384
509,69,Victoria Kennedy,Sales,1720
510,99,Christopher Taylor,Operations,5733
511,12,Monica Stuart,Operations,7378
512,25,Steven West,Finance,7559
513,52,Jamie Miller,Engineering,1498
514,85,Shelly Anderson,Marketing,5729
515,100,Barbara Haney,Engineering,2673
516,53,Cameron Irwin,Finance,7126
517,23,Nicole Good,Marketing,4067
518,16,Nathan Coleman,Operations,1114
519,57,David Murray,Finance,3979
520,39,Colin Golden,Operations,5769
521,53,Amanda Keller,Sales,2736
522,42,Taylor Small,Finance,6353
523,58,Austin Wheeler,Sales,4611
524,39,Michael Brennan,Finance,3253
525,14,Andrew Gonzales,Finance,3294
526,95,Nicole Parsons,Sales,4630
527,5,Wyatt Young,Marketing,7901
528,35,Laura Ray,Engineering,1146
529,87,Sabrina Young,Operations,7261
530,93,Victoria Boyd,Finance,4982
531,75,Donald Hawkins,Operations,4453
532,18,Nancy Thompson,Sales,5507
533,76,Kristi Williams,Operations,6783
534,9,Mason James,Sales,3410
535,74,Melissa Russell,Operations,6628
536,58,Clinton Medina,Engineering,1136
537,17,Darin Mathews,Engineering,4360
538,7,Joel Brown,Engineering,4005
539,46,Jason Moreno,Engineering,4552
540,13,David Rivera,Engineering,1018
541,40,Jerry Watson,Engineering,3242
542,42,Sandra Williams,Sales,7473
543,9,Larry Williams,Finance,7055
544,50,Robert Matthews,Operations,7318
545,27,Claire Clark,Engineering,6097
546,66,Elizabeth Stout,Sales,1448
547,5,Colton Figueroa,Sales,2948
548,29,Nicole Rocha,Sales,1945
549,37,Michele Sanders,Finance,6473
550,38,Frank Campbell,Operations,6618
551,83,Matthew Parker,Finance,5236
552,8,Stephen Owens,Marketing,7901
553,65,Miranda Gill,Sales,2920
554,86,Dale Edwards,Marketing,3977
555,17,Sean Figueroa,Engineering,5188
556,71,Juan Silva,Engineering,5015
557,89,Elizabeth Gonzalez,Finance,1238
558,45,Kelly Sanchez,Operations,1204
559,4,Terri Morgan,Marketing,3607
560,36,Katherine Cummings,Operations,6552
561,70,Julia Oconnor,Finance,5340
562,31,Charles Payne,Engineering,5927
563,19,Steve Mooney,Operations,4388
564,61,Kelly Combs,Operations,3972
565,54,Robert Williams,Engineering,5390
566,39,Chad Mccoy,Marketing,3687
567,91,Chris Robinson,Engineering,5951
568,74,Antonio Little,Operations,7160
569,90,Susan Hopkins,Marketing,5166
570,19,Joseph Jenkins,Marketing,6388
571,39,Nathan Nichols,Engineering,2348
572,67,Jonathan Wolfe,Operations,5400
573,45,Todd White,Finance,6126
574,13,Kelly Allen,Operations,6433
575,92,Dawn Gomez,Sales,1816
576,58,Angela Chung,Finance,6222
577,20,David Terry,Marketing,1820
578,92,Ronald Miller,Finance,1192
579,72,Marie Johnson MD,Marketing,2776
580,61,John Walsh,Marketing,4645
581,39,Angela Bruce,Finance,5624
582,1,Erin Madden,Marketing,7314
583,3,Stephanie Ellison,Marketing,1250
584,77,Steven Schwartz,Sales,2788
585,92,Denise Glass,Operations,7684
586,62,Diana Daniels,Operations,4700
587,63,Cassie Jefferson,Sales,7122
588,25,Daniel Thomas,Finance,3463
589,56,Samantha Hickman,Engineering,7937
590,33,Justin Knight,Engineering,6499
591,38,Megan Fernandez,Engineering,2167
592,6,Patrick Gibbs,Sales,7168
593,58,Angela Mcgee,Sales,4893
594,44,Brent Hall,Marketing,7811
595,45,Larry Austin,Engineering,2096
596,32,Tracy Nguyen,Finance,3679
597,45,Rachel Hayes,Finance,2847
598,61,Juan Bennett,Engineering,4904
599,47,Kevin James,Engineering,1504
600,21,Elizabeth Wright,Engineering,2621
601,80,Derrick James,Sales,7479
602,85,Brittany Price,Sales,3472
603,75,Brandon Hahn,Sales,3546
604,36,Philip Garcia,Operations,2387
605,99,Jeffrey Hawkins,Finance,3994
606,19,Ashley Davis,Finance,7773
607,20,Linda Mueller,Marketing,4816
608,57,Alexandria Gutierrez,Sales,6318
609,18,Misty Hansen,Operations,1717
610,47,Dana Meyer DDS,Operations,4484
611,49,Derrick Adams,Finance,5434
612,14,Christopher Hill,Sales,1658
613,15,Richard Ward,Marketing,6057
614,31,Michelle Simpson,Sales,5008
615,1,Judith Taylor,Engineering,5524
616,54,James Skinner,Sales,5994
617,3,Scott Alexander,Engineering,5234
618,16,Rodney Curtis,Engineering,4764
619,87,Elizabeth Morrison,Marketing,3989
620,57,Karen Thompson,Finance,5637
621,75,Francis Navarro,Sales,3104
622,12,Tracy Casey,Engineering,2255
623,74,Douglas Hartman,Sales,7801
624,96,Timothy Gonzalez,Finance,3482
625,16,Catherine Saunders MD,Finance,1383
626,72,Terri Clark,Operations,3607
627,76,Sandra Jones,Finance,1193
628,24,Rebecca Chambers,Marketing,4807
629,28,Eric King,Engineering,4719
630,8,Jay Bennett,Operations,3581
631,92,Kyle Aguilar,Marketing,3565
632,36,Tammy Kane,Sales,3763
633,90,Andrew Schmitt,Engineering,3798
634,8,Robin Wheeler,Finance,7328
635,58,Ashley Wright,Engineering,6991
636,60,Carol Salazar,Sales,3339
637,50,Maria Lucas,Operations,4406
638,28,Erin Hogan,Operations,1731
639,92,Brett Walker,Operations,7259
640,41,Kristin Watts,Finance,3872
641,100,James Ford,Marketing,4120
642,64,Melissa Hernandez,Marketing,5780
643,27,Mrs. Elizabeth Knapp MD,Engineering,5177
644,63,Monica Bailey,Finance,7977
645,17,Richard Boyd,Operations,7476
646,73,Brent Bowen,Operations,3604
647,33,Austin Williams,Sales,3382
648,84,Alison Cooper,Sales,1531
649,77,Robert Spears,Operations,7079
650,92,Kelli Arnold,Operations,5316
651,29,Jeffery Murray,Finance,1634
652,13,Lori Lopez,Marketing,2769
653,46,Jennifer Mclaughlin,Sales,4804
654,35,Joanna Jordan,Marketing,3370
655,6,Daniel Ramirez,Finance,6970
656,82,Rebecca Ray,Operations,1002
657,69,Kimberly Diaz,Marketing,6813
658,47,Brian Lambert,Operations,1205
659,25,Vincent Edwards MD,Operations,6951
660,66,Brian Bell,Engineering,5135
661,10,Christopher Nunez,Marketing,7202
662,56,Tamara Lawrence,Marketing,3621
663,30,Emily Allen,Operations,5739
664,5,James Thomas,Finance,6626
665,33,Kyle Andrews,Engineering,7003
666,65,John Medina,Operations,3890
667,18,Tara Thompson,Sales,4193
668,96,Dylan Lopez,Sales,3666
669,49,Lisa Glenn,Engineering,7239
670,11,Kari Lee,Finance,4306
671,85,Justin Delgado,Operations,1897
672,26,John Mckinney,Marketing,2085
673,63,Christopher Cunningham,Engineering,2279
674,89,Connie Johnson,Finance,7704
675,86,Dylan Norman,Marketing,7491
676,59,Patricia Simpson,Sales,1670
677,27,Laura Adams,Sales,2505
678,49,Wendy Weaver,Marketing,7460
679,77,Olivia Alexander,Engineering,4575
680,33,Jeffery Fitzgerald,Sales,5814
681,98,Danielle Golden,Operations,6167
682,99,Dennis Atkins,Marketing,2955
683,1,Sean Wilson,Marketing,6255
684,21,Christine Rojas,Sales,1249
685,55,Shannon Bishop,Engineering,7457
686,6,Luis Glover,Operations,2892
687,92,Renee Hudson,Engineering,4439
688,81,Linda Jackson,Finance,2853
689,69,Eileen Armstrong,Finance,3854
690,95,Kayla Mccullough,Sales,2503
691,5,Brandy Brady,Sales,4385
692,3,Anthony Ramirez,Sales,4571
693,53,Meredith Anderson,Finance,4792
694,23,Frank Wright,Engineering,4426
695,53,Jenna Thomas,Engineering,7628
696,37,Lori Brooks,Sales,6330
697,74,Robert Mack,Operations,1043
698,74,Paul Neal,Engineering,4612
699,83,Jordan Freeman,Finance,3618
700,17,Sheila Boone,Marketing,5678
701,85,William Reid,Marketing,4163
702,78,Sarah Flynn,Marketing,2288
703,73,Walter Summers,Operations,3942
704,1,Frank Campbell MD,Sales,1219
705,51,Samuel Kramer,Finance,2925
706,45,Pamela Williams,Operations,3972
707,77,Sara Smith,Finance,4513
708,4,Brooke Bryant,Finance,3448
709,62,Jessica Forbes DVM,Sales,4471
710,65,Elizabeth Baxter,Marketing,3774
711,32,Anna Ward,Sales,1990
712,34,Matthew Banks,Operations,3946
713,92,Mario Barber,Operations,2812
714,95,Jessica Davis,Operations,5953
715,72,Daniel Miller,Sales,1803
716,39,Kelly Wallace,Finance,1489
717,26,Greg Martinez,Finance,4556
718,34,Melissa Woods,Engineering,6876
719,54,Brandon Shaffer,Operations,2493
720,3,Jacob Evans,Finance,4645
721,50,Robert Baxter,Engineering,3891
722,12,Megan Jones,Finance,2705
723,65,Lisa Martin,Operations,4516
724,54,Daniel Goodman,Marketing,4340
725,5,Lisa Ramos,Operations,7410
726,94,Steven Taylor,Sales,1053
727,94,Nicholas Bell,Finance,3575
728,57,Richard Wright,Finance,4591
729,17,Danielle Burke,Sales,1615
730,47,Dominique Pugh,Sales,6178
731,23,Ryan Liu,Marketing,6944
732,79,Lawrence Lopez,Finance,1954
733,85,Matthew Bowers,Finance,3433
734,14,Cynthia Cruz,Marketing,2629
735,66,Mark Jones,Engineering,3781
736,75,Alexandria Ward,Marketing,7859
737,51,James Combs,Operations,1649
738,38,Joshua Thompson,Finance,3347
739,64,William Jones,Sales,5490
740,98,Alexis Lewis,Operations,4278
741,38,Tiffany Sanders,Finance,6455
742,50,Micheal Wang,Marketing,3640
743,98,James Davidson,Operations,4801
744,82,Brittany Miller,Finance,3561
745,30,Thomas Mccann,Engineering,4249
746,79,Gabriel Willis,Engineering,7539
747,91,Marie Day,Sales,1370
748,51,Jeffrey Ashley,Finance,1857
749,63,David Middleton,Engineering,5886
750,98,Logan Brown,Marketing,5753
751,52,Mary Thompson,Finance,7879
752,38,Chad Smith,Marketing,6488
753,97,Gregory Holmes PhD,Marketing,1383
754,88,Jacob Brady,Engineering,7205
755,79,Morgan Wilson,Finance,4877
756,30,Frances Patterson,Operations,3552
757,51,Deborah Proctor,Engineering,5334
758,81,Kathleen Dixon,Engineering,5290
759,5,Scott Jackson,Finance,3725
760,29,Raymond Shannon,Finance,5034
761,4,Ashley Yang,Marketing,4293
762,10,Scott Smith,Finance,7204
763,56,Jack Mora,Marketing,6248
764,17,Tyler Johnson,Engineering,7828
765,74,Michelle Rios,Sales,7111
766,17,David Moon,Operations,5251
767,84,Roger Duncan,Engineering,4988
768,88,Michael Williams,Finance,1922
769,69,Jose Williams,Operations,3915
770,34,Shawn Cline,Sales,3950
771,6,Emily Miller,Sales,6705
772,53,Jacob Carter,Marketing,4046
773,66,Nancy Sanchez,Operations,1974
774,77,Wesley Cuevas,Marketing,2230
775,43,Morgan Payne,Engineering,3435
776,75,Brittany Randolph,Operations,2814
777,23,Joshua Fields,Engineering,3934
778,55,Alexandra Rogers,Marketing,5933
779,80,Jamie Rojas,Operations,7103
780,95,Daniel Bird,Marketing,2363
781,75,Tyrone Kaufman,Operations,4940
782,16,Douglas Williams,Marketing,7483
783,8,Ryan Gutierrez,Sales,1203
784,4,Judy Adkins,Marketing,1160
785,4,Kathy Walsh,Sales,5487
786,56,Kevin Brown,Marketing,1768
787,25,Bianca Carter,Operations,4748
788,67,Tammy Long,Operations,7718
789,96,Erika Chavez,Operations,3581
790,67,Tony Taylor,Finance,2093
791,27,Ashley Garcia,Engineering,5500
792,93,Erik Martinez,Operations,1607
793,32,Randy Hayes,Sales,6710
794,50,Samuel Davis,Operations,2540
795,61,Elizabeth Bush,Finance,3875
796,51,Cindy Gates,Sales,4191
797,19,Michael Schmitt,Finance,2837
798,21,Anthony Evans,Sales,1689
799,5,Carrie Crane,Marketing,4759
800,82,Kristi Pierce,Engineering,3949
801,92,Brian Leon,Engineering,6336
802,42,Antonio Norman,Finance,3103
803,61,Craig Morales,Engineering,1365
804,22,Teresa Miller,Finance,6818
805,21,Sylvia Jones,Finance,4575
806,70,Christina Brewer PhD,Finance,5550
807,1,Ryan Lamb,Engineering,5199
808,5,Tom Williams,Finance,5172
809,12,Jessica Ramsey,Engineering,5325
810,90,James Simmons MD,Finance,7033
811,46,Denise Griffin,Operations,3378
812,34,Lucas Jensen,Finance,2205
813,49,Kathleen Andrade,Sales,5988
814,78,Brandon Reyes,Finance,4839
815,90,Marvin Robles,Marketing,6669
816,45,Zachary Stephens,Finance,3735
817,27,James Reeves,Sales,7170
818,73,Richard Cooper,Sales,4347
819,26,Erica Nelson,Engineering,2675
820,47,Kyle Johnson,Operations,1298
821,86,Diana Stokes,Finance,1956
822,56,Hunter Silva,Engineering,7942
823,94,Christopher Wright,Operations,2114
824,63,Joseph Moody,Finance,7623
825,48,Pamela Gould,Marketing,7716
826,61,Vickie Price,Finance,3505
827,81,Wendy Thompson,Sales,2474
828,26,Evan Rojas,Sales,5460
829,36,Kevin Warner,Marketing,6794
830,1,Keith Thomas,Engineering,5446
831,8,Sara Cochran,Operations,4726
832,99,Kimberly Thompson,Finance,4471
833,52,Anthony Guzman,Sales,7396
834,79,John Rivera,Engineering,3828
835,47,Renee Peterson,Marketing,7000
836,56,Robert Oneill,Sales,3850
837,86,Charles Bush,Marketing,6107
838,14,Brian Fox,Finance,3506
839,90,Benjamin Bush,Operations,4770
840,28,Laurie Rogers,Sales,3964
841,87,William Oconnor,Sales,5594
842,78,Mark Freeman,Finance,1949
843,88,Michael Hoffman,Engineering,7090
844,2,Lisa Kelly,Operations,7142
845,26,Robin Gray,Sales,5603
846,14,Elizabeth Thompson,Operations,6423
847,59,Michael Berry,Sales,7644
848,56,Patricia Bradley,Operations,3850
849,7,Evan Lamb,Marketing,7741
850,3,Margaret Garcia,Sales,1165
851,23,Gary Miller MD,Operations,4486
852,18,Mark Mccarty,Engineering,3509
853,38,Meagan Daniel,Marketing,1919
854,99,Adam Clark,Marketing,1113
855,15,Hayley Buchanan,Engineering,4504
856,64,Amber Kim,Operations,1991
857,89,Christopher Gutierrez,Finance,7047
858,28,Heather Bennett,Engineering,7350
859,74,Rachel Lane,Operations,4839
860,39,Courtney Hayes,Engineering,2258
861,57,Amanda Smith,Engineering,4426
862,17,Brian Peterson,Sales,1514
863,86,Candace Jones,Operations,6327
864,90,Vanessa Morgan,Finance,5804
865,44,Dr. Michele Reynolds,Sales,4196
866,25,Lisa Hamilton,Engineering,7281
867,17,Gary Mccann,Engineering,5434
868,13,Julian Frost,Engineering,3584
869,84,Mary Evans,Operations,1067
870,25,James Dunn,Operations,2596
871,68,Anthony Smith Jr.,Sales,6660
872,10,Lori Castillo,Finance,5478
873,67,Daniel Little,Sales,1018
874,18,Kara Wilson,Marketing,3730
875,100,Kaitlin Jacobson,Engineering,4521
876,86,Martin Hughes,Engineering,7217
877,34,James Lopez,Engineering,1572
878,8,Jeremiah Baker,Sales,6395
879,40,Kristy Hernandez,Sales,3258
880,83,Anne Barnett,Engineering,3902
881,42,Jennifer Avila,Sales,7039
882,41,Antonio Hughes,Operations,1650
883,6,Tracie Mcdaniel,Operations,6741
884,52,Laura Young,Sales,6089
885,26,James Nash,Engineering,7838
886,64,Kenneth Black,Sales,3587
887,98,Vickie Hernandez,Sales,4262
888,59,Joann Rush,Sales,2338
889,56,Daniel Lee,Marketing,5996
890,59,Blake Vega,Operations,4634
891,70,Rodney Hernandez,Finance,6780
892,33,Emma Acosta,Finance,3827
893,53,Angie Hawkins,Marketing,6681
894,22,Shannon Stone,Sales,7019
895,21,Alexandria Graves,Marketing,6877
896,70,Rachael Rodriguez,Marketing,6232
897,70,Keith Aguilar,Engineering,3217
898,4,Ariel Garcia,Operations,4539
899,94,Rachel Dillon,Finance,7040
900,75,Sherry Baker,Sales,2037
901,62,Laura Kennedy,Finance,6834
902,62,Jamie Montgomery,Finance,5383
903,94,Jennifer Foster,Operations,4978
904,95,Melissa Williams,Finance,7332
905,24,Derrick Watson,Finance,3961
906,55,Riley Collins,Marketing,4226
907,9,Shannon Cohen,Operations,6686
908,3,Crystal Turner,Engineering,7837
909,31,Patricia Flores,Sales,6841
910,40,Lisa Davis,Finance,7614
911,36,Thomas Russell,Sales,2098
912,24,Mr. James Brown,Engineering,3324
913,95,Ana Mckinney,Sales,1939
914,6,Richard Warren,Engineering,4716
915,66,Carrie Golden,Marketing,4414
916,84,Anthony Johnson,Finance,2448
917,92,Isaac Gonzalez,Engineering,1570
918,75,John Sanders,Sales,3904
919,4,Melanie Allen,Finance,6096
920,79,Jeremy Horne MD,Marketing,6301
921,6,Hailey Monroe,Finance,3505
922,94,Ronald Davis,Engineering,1917
923,51,Anthony Nash,Marketing,2874
924,62,Cindy Walker,Sales,5928
925,57,Daniel Pearson,Marketing,7982
926,66,Sharon Coffey,Marketing,7336
927,79,Kara Anderson,Operations,2678
928,75,Robert Walker,Marketing,1615
929,8,Terri Marquez,Marketing,5501
930,26,Desiree Woodard,Finance,2749
931,51,Judy Robinson,Sales,4825
932,45,Joseph Hanson,Finance,7864
933,44,Adrienne Key,Finance,5188
934,5,Sara Hoffman,Engineering,3477
935,70,Diane Cohen,Finance,5749
936,26,Mr. Donald Nguyen,Operations,4505
937,68,Matthew Farley,Operations,4475
938,19,Chelsea Holmes,Engineering,5529
939,84,Anthony Mathews,Sales,2135
940,97,Jennifer Flores,Sales,5000
941,20,Alexander Jimenez,Finance,1374
942,12,Terry Sullivan,Finance,6162
943,47,Lauren Cooley,Finance,1206
944,1,Grace Reeves,Sales,5875
945,90,Margaret Alvarez,Marketing,2319
946,14,Heather Evans,Operations,2141
947,64,Matthew Grant,Marketing,5627
948,38,John Figueroa,Marketing,7309
949,37,Kristin Gaines,Sales,3690
950,11,Stephanie Pena,Marketing,4255
951,100,Daniel Savage,Engineering,1089
952,77,Stephen Watson,Finance,6213
953,3,Julie Wilson,Engineering,5108
954,33,Mark Carpenter,Operations,4020
955,6,Kaitlyn Lee,Finance,2857
956,50,Michael Moreno,Marketing,1804
957,10,Seth Hernandez,Operations,1944
958,5,Grace Benitez DVM,Finance,3789
959,23,Mrs. Shannon White,Marketing,6953
960,10,Gary Hatfield,Engineering,4875
961,44,Anthony Hayes,Finance,2610
962,2,Raymond Johnston,Marketing,3923
963,13,Richard Chan,Engineering,7055
964,40,Jeffrey Jordan,Operations,4882
965,2,John Smith,Operations,4221
966,84,Monica Dodson,Operations,7803
967,65,Nicole Schmidt,Operations,6148
968,63,Aaron Gross,Sales,5391
969,73,Shawn Collins,Finance,6021
970,17,Jonathan Torres,Finance,5735
971,9,Angel Fry,Sales,3387
972,75,Joseph Warren,Marketing,5723
973,15,Michael Anderson,Marketing,7582
974,24,Katherine Christensen MD,Operations,6263
975,38,Robin Smith,Engineering,1941
976,35,William Clark,Marketing,5925
977,94,Jonathan Martinez,Engineering,6866
978,95,Rebecca Brooks,Finance,3566
979,49,Patricia Dean,Engineering,1975
980,69,Amber Rodriguez,Finance,1954
981,62,Amber Wilson,Sales,2262
982,60,Caleb King,Sales,6047
983,50,Christine Jennings,Operations,1943
984,78,Jason Garcia,Marketing,3202
985,75,Lisa Haynes,Operations,6300
986,9,Steven Hunt,Finance,7231
987,34,Diane Glover,Operations,4327
988,76,Mr. Richard Decker DVM,Engineering,6630
989,99,Jason Martin,Finance,6192
990,35,Susan Watts,Sales,5274
991,1,Mr. Adam Davis,Marketing,3259
992,40,Kenneth Snyder,Finance,2828
993,64,Penny Jones,Finance,2257
994,22,Summer Newman,Engineering,1464
995,60,William Baker,Marketing,6870
996,64,Robert Sawyer,Sales,4294
997,93,Heather Rhodes,Finance,7774
998,72,Brian York,Finance,7968
999,11,Alexandra Taylor,Engineering,2230
1000,14,Erin Kline,Operations,3654
1001,60,Debra Quinn,Sales,1884
1002,30,Grant Wilson,Marketing,4805
1003,35,Jesus Houston,Finance,7509
1004,85,Karen Fisher,Finance,7419
1005,37,Carol Anderson,Sales,7523
1006,5,Vicki Richard,Operations,6428
1007,83,Thomas Webb,Finance,6750
1008,78,Jessica Carr,Sales,6040
1009,26,Lisa Huffman,Engineering,4856
1010,62,Monica Snow,Operations,4135
1011,4,Mr. Stephen Alexander,Marketing,7953
1012,89,Matthew Smith,Finance,1924
1013,42,Kelly Manning,Sales,7034
1014,89,Courtney Sosa,Engineering,5589
1015,18,Kelly Watts,Marketing,2546
1016,40,Jessica Barber,Sales,7065
1017,72,Mr. Martin Hernandez,Sales,2094
1018,39,Stephanie Salazar,Marketing,3411
1019,14,Timothy Wagner,Engineering,3617
1020,32,Jon Martin,Engineering,6921
1021,51,Erica Rivera,Operations,1762
1022,38,Jonathon Pierce,Finance,3323
1023,97,Robert Miller,Marketing,5145
1024,23,Kenneth Miller,Marketing,3775
1025,63,Mr. William Mcgee Jr.,Marketing,6001
1026,15,Andrew Dunn,Engineering,5659
1027,97,Rebecca Richmond,Finance,5878
1028,25,Stefanie Hart,Operations,7628
1029,17,Joy Peterson,Sales,4155
1030,97,Ruth Richard,Sales,4970
1031,66,Randall Greene,Marketing,3040
1032,78,Heidi Chavez,Finance,6927
1033,53,Matthew Smith,Engineering,1583
1034,51,Mark Marsh,Finance,6415
1035,39,Jacqueline Rodriguez,Finance,5331
1036,51,Katherine Underwood,Engineering,3103
1037,70,Jennifer King,Marketing,2942
1038,6,Bryan Phelps,Finance,5455
1039,67,Roger Lee,Sales,7026
1040,7,Peter Williams,Engineering,1109
1041,51,Megan Martinez,Operations,1191
1042,72,Judith Lawrence,Marketing,1903
1043,42,Tracey Smith,Engineering,6212
1044,64,Kristen Reynolds,Operations,1861
1045,15,Tammy Norman,Operations,7711
1046,29,Melissa Thompson,Finance,2083
1047,33,Ashley Sandoval,Finance,1649
1048,94,Erica Keith,Finance,5134
1049,27,Lee Schwartz,Engineering,4611
1050,36,James Cooper,Engineering,1636
1051,29,Robert Taylor,Marketing,2036
1052,38,Stacey Hunt,Finance,5131
1053,57,Kimberly Edwards,Operations,3148
1054,97,Kristen Robinson,Sales,4865
1055,27,Miguel Parks,Marketing,4157
1056,55,Brandi Page,Engineering,4587
1057,33,Cassandra Daniels,Marketing,4294
1058,68,Michelle Hodges,Marketing,6457
1059,86,Lauren Bender,Marketing,7079
1060,66,Megan English,Marketing,5261
1061,10,Sherry Henderson,Sales,3430
1062,5,Brian James,Finance,2879
1063,74,Anthony Adams,Operations,4966
1064,97,Victoria Vega,Marketing,7933
1065,38,Antonio Mueller,Marketing,4713
1066,13,Joshua Howard,Marketing,5126
1067,31,Luis Lowe,Finance,5106
1068,47,Courtney Holland,Engineering,3011
1069,100,Jorge Robles,Engineering,4373
1070,88,Melissa Williams,Sales,3143
1071,52,Jason French,Engineering,3500
1072,56,Tracy Brown,Marketing,7335
1073,15,Christina Melton,Marketing,5581
1074,29,Jessica Perez,Marketing,2289
1075,8,Michelle Richardson,Sales,2447
1076,5,Nancy Gonzalez,Marketing,4199
1077,29,Cheryl Cole,Engineering,7381
1078,47,Mrs. Tonya Moss,Finance,2943
1079,68,Andrew Ramirez,Finance,7059
1080,76,Christopher Singleton,Operations,4183
1081,45,John Pineda,Engineering,6947
1082,2,Timothy Carlson,Marketing,6565
1083,27,Lori Cameron,Finance,6462
1084,95,Richard Pierce,Engineering,4216
1085,36,Michael Fox,Finance,4136
1086,36,Kelly Hartman,Marketing,4318
1087,26,Joshua Powell,Finance,3782
1088,43,Stephen Alvarado,Operations,1990
1089,27,Edward Clements,Operations,5920
1090,69,Karen Hoffman,Finance,6558
1091,20,Marie Wilson,Engineering,3153
1092,11,David May,Engineering,7324
1093,74,Dana Williams,Engineering,7327
1094,38,Jane Hogan,Finance,1225
1095,6,David Ramsey,Engineering,1776
1096,72,Jose Townsend,Marketing,3837
1097,23,Katie Tucker,Operations,6208
1098,47,Matthew Flores,Marketing,1687
1099,90,Brendan Bonilla,Engineering,1529
1100,46,Kim Sims,Marketing,4442
1101,12,Mark Lewis,Engineering,6067
1102,90,Sara Harris,Finance,6031
1103,13,Sherry Figueroa,Marketing,6518
1104,62,Robert Jones,Finance,3153
1105,82,Allison Love,Finance,2294
1106,89,Benjamin Thompson,Sales,7094
1107,97,Benjamin Underwood,Engineering,7974
1108,60,Jennifer Hayes,Operations,2526
1109,43,Eugene Price,Engineering,5774
1110,76,Aaron Cortez,Operations,3896
1111,100,Patrick Williams,Engineering,4103
1112,68,Heather Shaw,Finance,3440
1113,5,Michael Obrien,Marketing,5135
1114,37,Timothy James,Marketing,7803
1115,72,Amanda Moore,Sales,4802
1116,92,Paul Robles,Operations,6201
1117,31,Elizabeth Walters,Operations,1844
1118,9,Stephen Sanford,Operations,6839
1119,51,Maria Bernard,Finance,7344
1120,29,Shaun Thomas,Operations,1446
1121,78,Kenneth Long,Marketing,4915
1122,40,Angela Clark,Finance,4109
1123,41,Molly Lewis,Engineering,2234
1124,86,Sarah Thomas,Operations,7587
1125,11,Luis King,Operations,6446
1126,23,Michael Bradley,Engineering,7904
1127,1,Paul Branch,Operations,1226
1128,46,Maria Jones,Engineering,5143
1129,21,Danielle Gonzalez,Finance,3959
1130,90,Tiffany Howard,Marketing,6558
1131,36,Cynthia Mitchell,Engineering,2830
1132,54,Corey Tucker,Sales,4779
1133,87,Matthew Steele,Engineering,1186
1134,57,Keith Aguirre,Operations,7488
1135,1,Caroline Edwards,Finance,7367
1136,63,Michelle Davidson,Finance,3877
1137,54,Ian Frazier,Engineering,3535
1138,55,John Griffin,Marketing,2932
1139,40,Katelyn Rodriguez,Sales,3924
1140,15,Angela Ramirez,Finance,1848
1141,21,Stephanie Gonzalez,Operations,3032
1142,47,Lori Luna,Operations,2252
1143,73,Sarah Welch,Marketing,6509
1144,53,Lauren Hammond,Finance,6074
1145,9,Andrew Green,Engineering,6708
1146,74,Kimberly Valdez,Operations,6112
1147,52,James Vance,Marketing,7331
1148,57,Shannon Anderson,Finance,2881
1149,26,Ann Cox,Finance,1269
1150,41,David Maynard,Finance,2630
1151,35,Miss Nicole Taylor,Finance,5405
1152,63,Keith Knight,Finance,4203
1153,25,Brianna Dennis,Operations,7139
1154,90,Amanda Juarez,Marketing,2574
1155,75,Dennis Young,Finance,6191
1156,38,Kelly Moody,Sales,3892
1157,2,Thomas Keith,Sales,2695
1158,7,Matthew Garcia,Marketing,4258
1159,82,Madeline Hill,Engineering,7629
1160,91,Lauren Hudson,Engineering,4262
1161,34,James Matthews,Engineering,2445
1162,91,Angela King,Sales,7263
1163,17,Courtney Sullivan,Engineering,1219
1164,43,Haley Sparks,Operations,1052
1165,59,Adriana Macias,Finance,2757
1166,51,David Robertson,Sales,6570
1167,54,Chris Moore,Marketing,2666
1168,24,Ruth Guerrero,Marketing,6356
1169,25,Gary Wilson,Finance,7901
1170,71,Karen Garza,Sales,3785
1171,52,Jennifer Sanchez,Engineering,1719
1172,70,Kevin Taylor,Engineering,1405
1173,88,Stephanie Thomas,Operations,7751
1174,33,Thomas Black,Operations,7565
1175,49,Wayne Walsh,Engineering,7855
1176,29,Monica Nicholson,Marketing,3294
1177,63,Claire Obrien,Marketing,1071
1178,22,John Robinson,Operations,6949
1179,26,Charles Aguilar,Finance,7328
1180,28,Lisa Dixon,Engineering,3053
1181,85,Michael Nielsen,Operations,2229
1182,49,Andrea Gray,Operations,2567
1183,71,Alan Mills,Engineering,4682
1184,81,Melinda Serrano,Engineering,3953
1185,84,Cassandra Valenzuela,Marketing,5482
1186,49,Sherry Schmidt,Finance,6887
1187,20,Anna Hopkins,Finance,1698
1188,86,Kimberly Smith,Engineering,6296
1189,92,Meghan Reynolds,Sales,1826
1190,63,Shaun Wolfe,Operations,6918
1191,61,Todd Olson,Operations,1348
1192,49,Hayley Ballard,Engineering,6374
1193,71,Sara Johnston,Sales,4908
1194,1,David Cannon,Marketing,1307
1195,96,Angela George,Engineering,4416
1196,13,Deanna Smith,Engineering,6246
1197,94,Adrienne Mills,Operations,7056
1198,87,Jaime Harris,Engineering,3334
1199,51,Jennifer Rodriguez,Engineering,5861
1200,56,Kevin Green,Engineering,5820
1201,83,Krystal Carr,Operations,3809
1202,62,Jennifer Harris DDS,Marketing,6715
1203,32,Cassandra Hansen,Marketing,4558
1204,30,Dr. Kenneth Schroeder,Engineering,5478
1205,29,Charles Shields,Operations,4477
1206,49,David Logan,Marketing,7531
1207,45,Ariel Romero,Marketing,5620
1208,93,Rebecca Mendez,Marketing,3686
1209,30,Amy Price,Operations,3985
1210,16,Regina Morrow,Operations,1275
1211,40,Kyle Davis,Engineering,3547
1212,19,Jacob Lynch,Finance,3764
1213,18,Tara Morales,Marketing,1336
1214,1,Donna Stuart,Finance,2973
1215,78,Raymond Thompson,Operations,3979
1216,47,Adam Jefferson DVM,Operations,5576
1217,66,Chloe Bowers,Operations,4968
1218,92,Melissa Gilbert,Finance,1910
1219,94,Heather Pena,Operations,2996
1220,38,Angie Hill,Engineering,4129
1221,51,Michael Sullivan,Operations,6447
1222,63,Adrian Padilla,Sales,7129
1223,4,Krista Barber,Finance,6850
1224,1,Lauren Bailey,Sales,5204
1225,8,Courtney Mccarty,Operations,4757
1226,29,Jared Smith,Engineering,1327
1227,55,Jonathan Hansen,Marketing,2799
1228,3,Gina Wilson,Operations,1314
1229,32,Deanna Medina,Engineering,4545
1230,10,Danielle Ramos,Finance,2134
1231,74,John Sanchez,Sales,3746
1232,83,Reginald Maldonado,Sales,5876
1233,34,Shannon Olson,Sales,2520
1234,97,James Kramer,Finance,1155
1235,87,Michael Mcbride,Engineering,6592
1236,55,Harry Nichols,Finance,2724
1237,92,Deborah Mitchell,Sales,4343
1238,32,Paul Peterson,Operations,1886
1239,50,Cassandra Edwards,Marketing,4073
1240,7,Kenneth White,Finance,3805
1241,93,Tara Lee,Finance,1721
1242,8,Cynthia Allen,Engineering,1912
1243,65,Daryl Conley,Engineering,4357
1244,57,Heather Maxwell,Finance,1870
1245,67,Blake Sosa,Sales,5108
1246,88,Aaron Vincent DVM,Marketing,7751
1247,87,Jacqueline Stewart,Engineering,1497
1248,59,Sierra Andrews,Sales,2756
1249,72,Clayton Duran,Operations,7381
1250,54,Jennifer Christensen,Engineering,2117
1251,67,Joseph Henderson,Sales,4409
1252,51,Amanda Reed,Sales,3828
1253,97,Patty Bryant,Marketing,6290
1254,92,Joseph Stewart,Marketing,7100
1255,8,Michael Gray,Operations,7749
1256,34,Isaiah Hensley,Sales,7804
1257,35,Dennis Adams,Sales,2647
1258,96,Grace White,Marketing,6686
1259,88,Jason Goodwin,Engineering,7992
1260,78,James Hayes,Engineering,3983
1261,32,Veronica Parks,Finance,6586
1262,46,Michelle Brock,Marketing,7771
1263,16,Selena Gonzalez,Finance,1142
1264,68,Nancy Kennedy,Marketing,6320
1265,37,Javier Taylor,Operations,3761
1266,54,Lydia Ferguson,Sales,4435
1267,85,John King,Operations,7622
1268,14,Amber Garcia,Marketing,5660
1269,95,Daniel King,Sales,7614
1270,55,Anne Garner,Engineering,3431
1271,48,Isaac Grant,Engineering,6811
1272,82,Hailey Jenkins,Finance,5512
1273,7,Michael Jacobs,Marketing,2848
1274,74,Marie Ryan,Marketing,7451
1275,7,Dominique Nguyen,Engineering,3696
1276,33,Patricia Griffin,Operations,2717
1277,23,Louis Ford,Sales,6486
1278,85,Sheena Davidson,Operations,4072
1279,19,Jennifer Salazar,Operations,2067
1280,19,Terry Miller,Engineering,3786
1281,36,Erik Delgado,Engineering,6962
1282,29,Lisa Foster,Engineering,6217
1283,60,Priscilla Mcmillan,Finance,4791
1284,82,Kelly Cole,Operations,2288
1285,2,Scott Martinez,Marketing,4871
1286,1,David Manning,Sales,2806
1287,47,Christine Sanders,Finance,7283
1288,69,Timothy Kennedy,Marketing,2504
1289,20,Randy Warren,Operations,4308
1290,11,Ashley Montgomery MD,Engineering,6112
1291,2,Jean Perez,Operations,6048
1292,67,Jessica Martinez,Sales,3951
1293,87,Carolyn Johnson,Finance,1071
1294,12,Thomas Lin,Finance,2690
1295,20,Seth Donovan,Sales,6387
1296,5,Brandy Fry,Marketing,2344
1297,37,Leslie Bryant,Marketing,7250
1298,38,Sherry Graham,Finance,4303
1299,94,Kimberly Stout,Finance,4113
1300,9,Mr. Brandon Parker,Engineering,1882
1301,98,Christopher Smith,Marketing,5234
1302,53,Olivia Taylor,Sales,3662
1303,44,Joseph Watts,Marketing,7416
1304,99,Pedro Evans DDS,Engineering,2504
1305,86,Linda Robles,Finance,3463
1306,24,Chelsea Khan,Finance,3553
1307,81,David Espinoza,Engineering,1732
1308,74,Sandra Walker,Sales,2748
1309,30,Mario Black,Finance,4924
1310,59,Lisa Benson,Operations,1423
1311,87,Matthew Patel,Finance,4478
1312,96,Cole Jones,Operations,2591
1313,81,Brian Gibson,Engineering,5485
1314,81,Michael Vasquez,Engineering,5437
1315,14,Christian Booker,Finance,6041
1316,9,William Campbell,Marketing,5709
1317,40,Jeffrey Smith,Operations,1492
1318,66,Adrian Robinson,Sales,1191
1319,25,Richard Jimenez,Finance,1498
1320,73,Michael Johnson,Sales,5917
1321,22,Paul Thomas,Finance,6831
1322,4,James Daniels,Marketing,2256
1323,26,Steven Wright,Marketing,2968
1324,58,Adam Villegas,Marketing,5322
1325,29,Janice Proctor,Marketing,6490
1326,98,Zachary Gonzalez,Engineering,3186
1327,87,Anna Wade,Engineering,7999
1328,37,James Ali,Operations,1816
1329,75,Caitlin Chandler,Sales,4220
1330,70,Krista Martinez,Finance,2473
1331,18,Mr. Isaac Williams,Finance,2086
1332,85,Valerie Young,Engineering,5199
1333,42,Adrian Bauer,Finance,2874
1334,100,Jennifer Sanchez,Engineering,1870
1335,41,Lauren Vazquez,Operations,5763
1336,38,Brittney Townsend,Sales,3042
1337,34,Jonathan Parks,Operations,1272
1338,17,Wayne Malone,Marketing,2029
1339,37,Henry Moore,Marketing,4218
1340,25,Ashley Freeman,Marketing,7327
1341,76,Justin Newman,Operations,5069
1342,87,Steven Quinn,Finance,2051
1343,86,James Ramsey,Sales,5033
1344,85,Andrew Mann,Marketing,2573
1345,27,Kimberly Henry,Marketing,4190
1346,57,Kimberly Morris,Marketing,5388
1347,31,Sean George,Sales,4797
1348,6,Caitlyn Schmidt,Marketing,4289
1349,91,Robert Weaver,Sales,7320
1350,40,Ricardo Hunter,Marketing,4747
1351,98,Sonya Harvey,Operations,3105
1352,12,Manuel Flores,Operations,6388
1353,53,Walter Fuentes,Sales,1307
1354,71,Michael Cannon,Operations,4359
1355,10,Douglas Ortiz,Sales,6072
1356,45,Brent Hopkins,Operations,4176
1357,17,Todd White,Operations,2251
1358,26,Brian Lee,Sales,6366
1359,85,Martin Price,Finance,3747
1360,92,Marcus Garza Jr.,Operations,2517
1361,62,Mitchell Smith,Marketing,7226
1362,46,Mary Hebert,Finance,6305
1363,64,Julie Fowler,Sales,7395
1364,2,Patrick Zamora,Finance,2378
1365,54,Rebecca Brown,Engineering,6869
1366,65,Kendra Navarro,Engineering,6815
1367,51,Angela Lewis,Operations,7138
1368,53,Ashley Hall,Operations,5891
1369,36,Corey Sandoval,Marketing,5992
1370,26,Theresa Hansen,Finance,2961
1371,29,Nichole Miranda,Engineering,5305
1372,21,Megan Park,Operations,3863
1373,11,Brian Sparks,Finance,3656
1374,40,Kathy Sandoval,Operations,3494
1375,11,Lindsay Mahoney,Operations,7603
1376,36,Krista Shea,Engineering,6063
1377,59,Jennifer Schultz,Engineering,5567
1378,39,Erica Allen,Operations,7513
1379,99,Jaime Pierce,Sales,5005
1380,54,Heather Chavez,Operations,4563
1381,98,April Johnson,Operations,1922
1382,55,Alan Taylor,Marketing,5232
1383,24,Abigail Joyce,Marketing,5462
1384,22,Ethan Ingram,Marketing,3959
1385,69,Samantha Ellison,Sales,1183
1386,56,Laura Duncan,Sales,4358
1387,33,Joe Moore,Operations,7615
1388,36,Steve Wright,Marketing,2398
1389,20,Eric Duncan,Sales,7797
1390,83,Claudia Jones,Engineering,3796
1391,99,John Freeman,Operations,1536
1392,81,Michele Weiss,Finance,7945
1393,62,Martin Johnson,Operations,6698
1394,98,Jane Deleon,Finance,2273
1395,73,Felicia Hobbs,Marketing,3967
1396,26,Timothy Martinez,Finance,7653
1397,66,Nicole Atkinson,Marketing,7773
1398,73,Madison Chen,Engineering,4049
1399,73,Joseph Flores,Finance,2096
1400,40,Erin Wolfe,Operations,2305
1401,17,Michael Osborn,Marketing,1915
1402,1,Nicole Johnston,Operations,4081
1403,89,Jeffrey Hartman,Sales,5247
1404,61,George Alvarez,Marketing,2028
1405,43,Kimberly Baker,Finance,6314
1406,42,Jeffrey Wolfe,Marketing,2977
1407,25,Karen Gonzalez,Operations,4354
1408,39,Kenneth Hoffman,Engineering,3511
1409,35,Kelly Allen MD,Marketing,1270
1410,3,Michael Johnston,Finance,2186
1411,44,Jason Diaz,Sales,5555
1412,51,Gregory Rios,Engineering,5200
1413,94,Caroline Bailey,Sales,4764
1414,98,Rebekah Hanson,Marketing,6806
1415,12,Thomas Hall,Operations,7305
1416,19,Brittney Chandler,Operations,3398
1417,44,Patrick Sanchez,Finance,5529
1418,59,Brittany Wall,Operations,7995
1419,49,Greg Brock,Engineering,5235
1420,61,John Rivera,Operations,6590
1421,17,Christy Payne,Finance,5182
1422,74,Kimberly Dean,Marketing,2711
1423,57,Melissa Barnett MD,Marketing,3230
1424,55,Kelsey Scott,Operations,7511
1425,47,Curtis Horton,Sales,1128
1426,12,John Landry,Marketing,2269
1427,62,Matthew Alvarado,Operations,4672
1428,80,Heather Rodriguez,Finance,2601
1429,88,Stephen Hughes,Operations,5765
1430,83,Katie Mckinney,Marketing,4970
1431,8,Kari Harper,Finance,5244
1432,95,Cristian Rasmussen,Operations,6080
1433,21,Michelle Williams,Engineering,5947
1434,81,Elizabeth Burns,Finance,6552
1435,87,Alicia Sutton,Engineering,1627
1436,80,Eric Ferrell,Sales,4797
1437,70,Desiree Brown,Finance,6588
1438,72,James Cooke,Engineering,7589
1439,25,Terry Avery MD,Marketing,3044
1440,82,James Taylor,Marketing,4552
1441,89,Kelly Gregory,Sales,5979
1442,12,Melissa Butler,Finance,3341
1443,15,Jessica Edwards,Finance,6884
1444,59,Joann Anderson,Finance,4214
1445,26,Lauren Sutton,Sales,1249
1446,26,Charles Barker,Finance,3925
1447,47,Susan Jordan,Marketing,6043
1448,32,Patricia Douglas,Engineering,1974
1449,10,Brooke Jones,Marketing,2325
1450,16,Michelle White,Marketing,7932
1451,71,Brianna Johnson,Engineering,1983
1452,17,William Ali,Marketing,1888
1453,23,Patrick Underwood,Sales,3937
1454,26,Nancy Hernandez,Engineering,3117
1455,85,Carlos Johnson,Marketing,3672
1456,86,Miss Lisa Salazar,Operations,5970
1457,7,Crystal Johnson,Marketing,2326
1458,14,Richard Anderson,Sales,1470
1459,79,Julie Banks,Finance,2987
1460,7,James Wells,Marketing,1090
1461,9,Darrell Ortiz,Finance,1529
1462,48,Tammy Clements,Operations,5756
1463,72,Michael Harris,Marketing,5059
1464,59,Christopher Blevins,Engineering,5834
1465,87,Luis Watts,Finance,3773
1466,93,Stacy Patterson,Operations,5967
1467,82,Lisa Holloway,Engineering,2686
1468,95,Jennifer Crosby,Engineering,1191
1469,94,Kimberly Davidson,Engineering,2986
1470,39,Amanda Rodriguez,Engineering,4623
1471,99,Shawn Rich,Marketing,3185
1472,18,Joshua Terrell,Marketing,5440
1473,59,James Hubbard,Marketing,2008
1474,17,Cheryl Gonzales,Operations,4783
1475,14,Patricia Mitchell,Operations,7646
1476,31,Edward Ellison,Operations,5298
1477,24,Stephanie Ford,Sales,5668
1478,99,Ann Mason,Operations,5287
1479,60,Kevin Shannon,Marketing,3052
1480,45,Jenna Morris,Marketing,7009
1481,98,Jesse Mosley,Sales,4308
1482,3,Sonya Davis,Sales,2716
1483,37,Matthew Dawson,Operations,1310
1484,43,Nicholas Davis,Finance,7692
1485,40,Madison Miller,Sales,7199
1486,90,Monica Hester,Engineering,5538
1487,55,Caitlin Pierce,Marketing,2260
1488,87,Christopher Rogers,Engineering,5965
1489,39,Shari Martin,Marketing,4932
1490,15,Randy Williams,Marketing,4268
1491,4,Nicholas Woodward,Sales,1584
1492,93,Christopher Roach,Sales,6690
1493,86,April Cannon,Engineering,3799
1494,25,Jonathan Jimenez,Marketing,6633
1495,13,Lisa Snyder,Engineering,1359
1496,82,Matthew Chavez,Finance,6819
1497,33,Kyle Smith,Engineering,3866
1498,16,Diana Fuller,Operations,7173
1499,42,Christine Lopez,Engineering,6898
1500,66,Gregory Thomas,Operations,3011
1501,55,Kenneth Morrison,Operations,7251
1502,99,Brandon Rodriguez,Operations,5939
1503,42,Candace Mitchell DDS,Finance,5006
1504,34,Laura Hart,Engineering,2625
1505,30,Nicole Ward,Engineering,3764
1506,13,Randy Morris,Finance,1890
1507,13,Samantha Chang,Marketing,7087
1508,18,Ana Ruiz,Sales,7078
1509,32,Scott Murphy,Engineering,6055
1510,96,Daniel Clark,Sales,6564
1511,99,Kenneth Krause,Finance,6557
1512,39,Anita Ramsey,Marketing,1731
1513,46,Rachel Mann,Marketing,4961
1514,29,Ryan Green,Marketing,5701
1515,62,Lisa Ho,Finance,3504
1516,93,Kathleen Daniel,Operations,1614
1517,62,Dr. Stephen Hall IV,Operations,4806
1518,57,Bruce Marshall,Sales,7841
1519,16,Nancy Clark,Operations,7100
1520,56,Jennifer Williams,Operations,2719
1521,10,Robert Lewis,Marketing,5769
1522,30,Melissa King,Marketing,6366
1523,25,Eric Pierce,Sales,7686
1524,84,Ashley Cook,Engineering,2587
1525,5,Keith Choi,Sales,2611
1526,65,Cheyenne Bass,Sales,1896
1527,94,Karen Wells,Finance,6558
1528,49,Chad Moore,Finance,1277
1529,3,Sean Huang,Sales,5647
1530,45,Robert Reilly,Sales,2636
1531,14,Joseph Cunningham,Sales,3158
1532,30,Kristen Smith,Operations,3432
1533,68,Evelyn Hendricks,Finance,4904
1534,18,Andrea Hernandez,Sales,5856
1535,62,Gina Brooks,Marketing,4262
1536,37,Carol Obrien,Marketing,7837
1537,25,Bruce Patton,Operations,2449
1538,48,Scott Mckinney,Operations,5500
1539,65,Brandon Wiley,Engineering,6454
1540,53,Ronald Turner,Engineering,2232
1541,79,Carrie Brooks,Engineering,5117
1542,73,Dale Davis,Operations,1677
1543,15,Rebecca Stein,Operations,3658
1544,49,Gerald Webb,Operations,3028
1545,88,Emily Murphy,Marketing,6327
1546,68,Annette Hendrix,Operations,7151
1547,12,Wendy Harris,Marketing,7845
1548,59,James Hancock,Engineering,4758
1549,37,Eric Williams,Engineering,6904
1550,61,Shelby Cook,Engineering,5624
1551,43,Ashley Miranda,Sales,3037
1552,70,Alison Blake,Sales,3649
1553,39,Christine Gonzalez,Finance,6772
1554,56,Joseph Mejia,Finance,1656
1555,63,Denise Moore,Finance,1165
1556,46,Tyler Castro,Sales,5944
1557,88,Joshua Dunn,Sales,5591
1558,11,Tony Brock,Finance,1589
1559,62,Carolyn Collins,Finance,5524
1560,77,Kimberly Williams,Operations,3821
1561,98,Steven Williams,Finance,5258
1562,25,Brandon Myers,Operations,7509
1563,71,Stephanie Soto,Marketing,2262
1564,52,Jill Kelly,Sales,1071
1565,4,Craig Chang,Finance,4516
1566,59,Angela Livingston,Sales,5750
1567,72,Laura Davis,Sales,4580
1568,20,Melissa Davis,Sales,1268
1569,93,Matthew Miranda,Marketing,2776
1570,63,Travis Thomas,Engineering,3462
1571,54,Deanna Cox,Finance,2268
1572,74,Thomas Rivera,Engineering,2015
1573,98,Erika Freeman,Engineering,3722
1574,57,Brian Mendoza,Engineering,2083
1575,90,Diane Bailey,Sales,5101
1576,41,Katie Sullivan,Operations,6077
1577,3,Ashley Hawkins,Sales,7713
1578,6,Eric Murray,Sales,1406
1579,5,Cynthia Sanchez,Engineering,7049
1580,5,John Jones,Sales,7169
1581,54,Michael Reynolds,Engineering,4076
1582,47,Ms. Gloria Benson,Operations,1985
1583,87,Michael Stevenson,Finance,4603
1584,49,Sara Wilson,Engineering,5485
1585,9,Erika Davis,Operations,1709
1586,99,Eric Sullivan,Finance,3618
1587,20,Melissa Carlson,Marketing,6567
1588,61,Erin Newman,Engineering,5849
1589,35,Daniel Taylor,Engineering,7289
1590,50,Nicole Pacheco,Marketing,2411
1591,82,Mary Chavez,Marketing,7928
1592,62,Luis West,Engineering,6368
1593,17,Shawn Evans,Marketing,5621
1594,88,Meghan Sellers,Sales,2485
1595,3,Michelle Herman,Finance,7156
1596,32,Lauren Carr DDS,Finance,3950
1597,99,Sarah Brown,Finance,7527
1598,13,Tracy Smith,Sales,5651
1599,89,Veronica Rodriguez,Marketing,3934
1600,73,Andre Reynolds,Operations,5114
1601,68,Lori Joseph,Marketing,5670
1602,14,Jeffrey Clark,Engineering,7894
1603,98,Charles Peters,Finance,2003
1604,11,Heather Butler,Marketing,3466
1605,56,Shane Martinez,Operations,3466
1606,67,Matthew Thomas,Engineering,2938
1607,92,Mary Proctor,Sales,2939
1608,29,Chad Shaffer,Sales,2635
1609,9,Stephanie Dominguez,Operations,2698
1610,67,Lisa Gibson,Engineering,7265
1611,25,Robert Cruz,Finance,5527
1612,98,Jeff Smith,Marketing,3091
1613,76,Dr. Michael Adams DVM,Engineering,2895
1614,42,Amanda Johnson,Sales,7039
1615,9,Mr. Kevin Nixon,Operations,6436
1616,79,Nicholas Fox,Operations,7524
1617,40,Nicole Ramirez,Marketing,5240
1618,25,Kelly Bishop,Operations,4398
1619,5,Mark Alvarado,Operations,7506
1620,11,Melinda Ryan,Engineering,2073
1621,59,Lisa Berger,Finance,6184
1622,98,Alexandra Gibson,Marketing,3402
1623,88,Laura Rivera,Engineering,5895
1624,79,William Phillips,Finance,4212
1625,38,Michael Harper,Engineering,5037
1626,72,Richard Green,Engineering,7969
1627,5,Laura Berry,Operations,2151
1628,48,Dorothy Mclaughlin,Finance,3445
1629,90,John Martinez,Marketing,2956
1630,18,Richard King,Marketing,5558
1631,70,Denise Scott,Finance,6870
1632,37,Lindsey Kent,Operations,7141
1633,60,Mary Wood,Sales,4907
1634,48,Richard Young,Engineering,1807
1635,77,Joseph Johnson,Operations,1186
1636,28,Dr. Linda Underwood,Finance,6839
1637,69,Nicole Gutierrez,Engineering,5827
1638,77,Matthew Barber,Marketing,7031
1639,81,Kenneth Wilkinson,Sales,6309
1640,40,Dennis Weiss,Marketing,6507
1641,45,John Alvarez,Finance,5524
1642,96,Travis Nielsen,Engineering,2307
1643,62,Michael Price,Finance,3284
1644,93,Joseph Graham,Engineering,6313
1645,58,Robert Reyes,Operations,6406
1646,67,Joseph Blanchard,Sales,5866
1647,56,Joseph Gomez,Operations,1757
1648,40,Lisa Pearson,Operations,5231
1649,98,Devin Lang,Finance,5887
1650,40,Kevin Murray,Sales,4854
1651,91,Dana Powers,Engineering,5266
1652,77,Kelly Byrd,Engineering,3206
1653,33,Emily Smith MD,Marketing,7344
1654,6,Jason Fox,Engineering,4558
1655,88,Heather Hardy,Finance,2580
1656,19,Andrew Harvey,Operations,1961
1657,80,Kristopher Shannon,Operations,4847
1658,40,Kyle Martinez,Operations,7726
1659,92,Angelica Jacobs,Sales,4575
1660,97,Phillip Wong,Engineering,1875
1661,59,Cathy Rodriguez,Finance,3418
1662,59,Edward Guerrero,Sales,5198
1663,48,Jesse Carney,Marketing,2001
1664,41,Melissa Contreras,Finance,6244
1665,13,Dawn Norman,Finance,4384
1666,45,Antonio Price,Finance,5066
1667,89,Deanna Hess MD,Operations,3845
1668,53,William Gonzalez,Finance,2481
1669,42,Matthew Rodriguez,Engineering,4301
1670,100,Jessica Mendez,Finance,1657
1671,63,Jeremy Green,Operations,6316
1672,27,Benjamin Luna,Finance,3780
1673,38,Alicia Jimenez,Marketing,1422
1674,60,April Johnson,Marketing,7715
1675,7,Christian Rivera,Operations,4681
1676,5,Aaron Zimmerman,Engineering,5266
1677,45,Karen Powell,Engineering,7316
1678,58,Robin Jones,Sales,3710
1679,31,James Norris,Operations,1452
1680,23,Barbara Nichols,Finance,3397
1681,42,Felicia Turner MD,Operations,2975
1682,10,Maria Diaz DVM,Sales,2657
1683,32,Ryan Hodges,Operations,3541
1684,53,Dale Spencer,Operations,7763
1685,30,Mary Evans,Sales,4075
1686,39,Brian Barker,Engineering,4164
1687,31,Dr. Jeffrey Lopez,Finance,3966
1688,82,Alexander Davies,Sales,3053
1689,100,James Sparks,Marketing,1287
1690,2,Kathryn Hanna,Engineering,6737
1691,78,Tracy Smith,Marketing,4217
1692,77,George Le,Engineering,4854
1693,93,Daniel Valdez,Finance,2447
1694,12,Teresa Berg,Finance,7009
1695,39,Natalie Hall,Operations,1607
1696,66,Nicolas Burns,Marketing,5552
1697,96,Terry Montgomery,Engineering,2764
1698,13,Matthew Smith,Finance,2225
1699,46,Summer Hoover,Sales,2235
1700,27,Logan Conley,Finance,2029
1701,17,Robert Wilson,Sales,3671
1702,95,Lisa Brown,Engineering,7519
1703,98,George Huff,Finance,4962
1704,60,Jennifer Martinez,Finance,5542
1705,64,Kimberly Morris,Engineering,5930
1706,88,Cindy Williams,Finance,4177
1707,35,Arthur Hill,Sales,4722
1708,70,Carol Wood,Finance,5906
1709,83,David Perkins,Marketing,6520
1710,30,Richard Chen,Operations,6507
1711,71,Christopher Hobbs,Sales,6054
1712,74,Adam Howe,Marketing,2475
1713,96,Linda Campbell,Engineering,3896
1714,98,Rebecca Alvarez,Sales,1808
1715,63,Charles Nelson,Operations,1978
1716,28,David Thompson,Operations,3463
1717,60,Linda Love,Engineering,1725
1718,79,Anita Serrano,Engineering,3501
1719,94,Jason Grant,Sales,4362
1720,37,William Davila,Finance,2216
1721,93,Shari Hatfield,Engineering,5051
1722,22,Julie Sims,Finance,3197
1723,68,Anthony Rodriguez,Marketing,6999
1724,20,Ryan Pruitt,Operations,3806
1725,96,Christopher Livingston Jr.,Finance,1778
1726,100,Daniel King,Operations,1972
1727,68,Stefanie Chavez,Finance,3810
1728,91,Anthony Medina,Marketing,6634
1729,64,Allen Robertson,Engineering,6512
1730,17,David Wallace,Marketing,3123
1731,12,Jennifer Burgess,Engineering,1598
1732,22,Crystal Rodriguez,Engineering,4341
1733,17,David Gutierrez,Operations,1224
1734,10,Steven Jones,Marketing,6649
1735,65,Amy Graham,Finance,7256
1736,22,Leon Thompson,Marketing,7394
1737,90,Jimmy Lee,Operations,1840
1738,82,Derrick Rogers,Engineering,2814
1739,50,Keith Ramirez,Operations,5809
1740,14,John Barnes,Sales,2106
1741,64,Colleen Phillips,Sales,1124
1742,47,Robert Cisneros,Finance,4246
1743,29,Laura Tran,Operations,6188
1744,76,Jason Boyd,Finance,3931
1745,36,Cindy Wells,Finance,6375
1746,99,Adrian Patterson,Sales,6846
1747,52,Danielle Hamilton,Finance,5125
1748,76,Timothy Shah,Sales,7424
1749,7,Stephanie Butler,Engineering,3971
1750,29,William Quinn,Operations,3017
1751,11,Jessica Foster,Finance,3415
1752,33,Melissa Garcia,Sales,5590
1753,6,Bradley Mullins DDS,Marketing,4096
1754,79,Daniel Howard,Finance,2609
1755,32,Zachary Smith,Engineering,1717
1756,51,Candice Stevens,Engineering,4561
1757,75,Lauren Bray,Marketing,2016
1758,58,Charles Warner,Sales,4565
1759,87,Seth Sims,Finance,6433
1760,26,April Burton,Sales,5701
1761,98,Michael Schmidt,Engineering,5470
1762,46,Paul Wolfe,Sales,7782
1763,98,Laura Clark,Engineering,2960
1764,29,Lisa Rogers,Sales,2048
1765,4,Kayla Kent,Marketing,2357
1766,81,Anthony Reyes,Operations,4426
1767,99,Andrew Richardson,Marketing,1115
1768,13,Michele Castro,Marketing,3095
1769,39,Brenda Rogers,Operations,2801
1770,15,Mariah Mclaughlin,Operations,3146
1771,29,Shelby Warner,Finance,6578
1772,29,Paige Flores,Finance,6642
1773,75,Kathy Henderson,Marketing,2620
1774,32,Jake Chavez,Marketing,7548
1775,2,Sandra Harrison,Engineering,5780
1776,47,Samantha Lam,Engineering,3950
1777,78,Jacob Nunez,Finance,7646
1778,84,Vanessa Ware,Finance,4792
1779,22,Stephen Miller,Engineering,6567
1780,75,Christopher Mullen,Engineering,3941
1781,27,Christopher Rodriguez,Sales,6695
1782,67,Chris Harris,Sales,7401
1783,81,Alison Butler,Engineering,7987
1784,56,Tara Wells,Sales,7264
1785,92,Oscar Smith,Operations,5905
1786,93,Alex Pham,Finance,1977
1787,21,Kelly Rogers,Finance,7197
1788,47,Mary Buchanan,Engineering,4066
1789,80,Mr. Joseph Kelley,Marketing,6450
1790,59,Keith Villanueva,Engineering,1783
1791,84,Richard Perez,Sales,1240
1792,6,Dwayne Bruce,Marketing,6874
1793,19,Duane Huber,Sales,2553
1794,57,Caitlyn Nichols,Operations,5578
1795,69,Christopher Erickson,Sales,2012
1796,3,Rebecca Martin,Operations,1186
1797,1,Xavier Andrews,Operations,2881
1798,58,Jacob Harris,Sales,7799
1799,38,Mary Spence,Sales,7405
1800,15,Jerry Cantrell,Operations,6048
1801,34,Barbara Johnson,Marketing,6483
1802,61,Patricia Gould,Operations,5586
1803,35,Brittney Cordova,Finance,1430
1804,64,Katie Holland,Operations,1238
1805,25,Steven Montes,Marketing,7447
1806,24,Wendy Estrada,Finance,3345
1807,12,Monica Nielsen,Engineering,1075
1808,18,Brian Mendoza,Engineering,2356
1809,15,Michael Wilson,Marketing,7019
1810,80,Luke Robinson,Operations,6877
1811,27,Gabriel Franklin,Sales,7785
1812,72,Joseph Harrington,Marketing,5922
1813,60,Christina Miller,Finance,3330
1814,46,Megan Rosario,Finance,5686
1815,89,Jennifer Henry,Engineering,7215
1816,17,Kayla Brown,Finance,7846
1817,93,Jennifer Baldwin,Marketing,2902
1818,53,James Smith,Finance,7006
1819,8,Eric Griffin,Marketing,5013
1820,79,Cindy Barron,Sales,5670
1821,27,Jennifer Ramos,Engineering,5987
1822,46,Nicholas Hurst,Finance,3059
1823,50,Jennifer Houston,Marketing,1140
1824,71,Briana Turner,Operations,2789
1825,3,Kelly Rogers DVM,Engineering,4626
1826,93,Jaime Smith,Sales,1016
1827,64,Denise Thompson,Marketing,6182
1828,44,Keith Melendez,Sales,5348
1829,53,Ronnie Roberts,Sales,1464
1830,24,Rodney Turner MD,Finance,5471
1831,60,Patrick Walker DDS,Finance,2827
1832,3,Eric Davidson,Marketing,4028
1833,20,Becky Wade,Operations,1519
1834,46,Christopher Knox,Marketing,6956
1835,15,Alyssa Hubbard,Operations,1089
1836,25,Wesley George MD,Sales,5815
1837,94,Mr. David Jennings,Engineering,3851
1838,78,Sabrina Brooks,Marketing,3843
1839,71,Alicia Green,Marketing,5725
1840,17,Brianna Murray,Operations,2884
1841,84,Heather Brown,Sales,5171
1842,100,Mark Friedman,Sales,1925
1843,9,Eddie Fowler,Operations,4734
1844,38,Cory Burton,Sales,7543
1845,48,Linda Jackson,Finance,6901
1846,60,Eugene Kirk,Engineering,1969
1847,63,Denise Wolfe,Marketing,2094
1848,86,Joseph Bell,Engineering,7124
1849,2,Chad Campbell,Marketing,4195
1850,88,Jennifer Mccall,Finance,2404
1851,72,Daniel Gordon,Sales,4364
1852,11,Rebecca Hansen,Operations,7940
1853,64,Tiffany Mathis,Finance,5290
1854,77,Michaela Lang,Engineering,4982
1855,81,Thomas Wilson,Operations,5323
1856,72,Alan Bailey,Sales,5013
1857,21,Brenda Ramos,Finance,6555
1858,18,Ms. Tracy Jackson,Operations,5556
1859,94,Patrick Wilson,Finance,5713
1860,64,Michael Watts,Finance,4092
1861,82,Daniel Zavala,Sales,5159
1862,95,Phillip Rodriguez,Marketing,7308
1863,38,John Reynolds,Operations,3074
1864,32,Andrew Keller,Sales,1284
1865,11,Julie Kerr,Finance,6779
1866,45,Eric Smith,Sales,7424
1867,89,Caleb Guzman,Marketing,5933
1868,33,Christina Lambert,Operations,5926
1869,41,Charles Francis,Marketing,2187
1870,8,Kevin Bell,Engineering,4969
1871,11,Phyllis Austin,Operations,3965
1872,86,Andrea Weiss,Marketing,5319
1873,51,Kendra Baldwin,Finance,1783
1874,88,Carolyn Webster,Operations,1949
1875,41,Nicholas Glass,Operations,4939
1876,17,Sarah Wells,Sales,1044
1877,76,Cathy Nunez,Finance,2810
1878,46,Ruben Zavala,Engineering,5566
1879,32,Jose Russell,Marketing,3081
1880,79,Emily Owens,Sales,7796
1881,80,Kathleen Ward,Marketing,4498
1882,54,Nathan Miller,Engineering,1829
1883,86,James Bryant DDS,Engineering,2909
1884,92,Sarah Perez,Operations,7364
1885,20,William Patterson,Engineering,6987
1886,33,Stephanie Lang,Marketing,3581
1887,74,Holly Smith,Finance,1691
1888,40,Megan Sanders,Finance,5019
1889,32,Megan Wilson,Operations,6486
1890,97,Michael Madden,Marketing,1931
1891,2,Stephanie Jackson,Marketing,5936
1892,97,Curtis Gonzalez,Engineering,7034
1893,33,Jennifer Hall,Marketing,6669
1894,77,Jonathan Hubbard,Sales,7725
1895,30,Linda Avila,Engineering,7382
1896,33,Terri Kelly,Sales,4406
1897,77,Tiffany Archer,Operations,7584
1898,26,Brittany Gibson,Finance,1147
1899,22,John Hall,Operations,2032
1900,66,Alyssa Rojas,Finance,2311
1901,38,Kathleen Johnson,Operations,1387
1902,90,Larry Murphy,Marketing,4121
1903,46,Marcus Wolf,Sales,2873
1904,15,Kelly Vasquez,Finance,4588
1905,98,Edward Jimenez,Engineering,1915
1906,44,Kimberly Pacheco,Sales,2878
1907,49,Alicia Gallagher,Engineering,7781
1908,75,Sheryl Wilson MD,Sales,4748
1909,61,Jessica Johnson,Sales,1277
1910,67,Matthew Chan,Operations,2977
1911,6,Carly Jordan,Finance,2859
1912,9,James Gallagher,Finance,4036
1913,6,Katherine Spencer,Sales,4371
1914,73,Julie Hart,Marketing,6921
1915,95,Anthony Baker,Marketing,7732
1916,32,Jamie Rhodes,Engineering,6929
1917,41,Diane Brown,Engineering,7792
1918,76,Bethany Richardson,Operations,5713
1919,8,Lauren Hubbard,Sales,6726
1920,72,Jamie Patterson,Engineering,3182
1921,50,Jennifer Brown MD,Engineering,5675
1922,92,Erik Miller,Sales,2170
1923,62,Sheila Wilson,Operations,1489
1924,84,Joshua Johnson,Engineering,3525
1925,62,Jenny Robertson,Operations,2182
1926,7,Alex Harrison,Finance,5479
1927,75,Eugene Hudson,Operations,5258
1928,84,Brent Freeman,Marketing,3488
1929,80,Christine Crawford,Marketing,2876
1930,4,Mary Jackson,Operations,6308
1931,6,Wayne Harris,Marketing,3462
1932,58,Valerie Jones,Finance,6458
1933,22,Cindy Baker,Sales,2630
1934,26,Kenneth Ballard,Marketing,6300
1935,3,Tina Robbins,Marketing,1287
1936,41,Leslie Nelson,Operations,6953
1937,60,Kiara Simmons,Finance,5282
1938,14,Billy Colon,Sales,2907
1939,75,Elizabeth Alvarado,Operations,2161
1940,82,Jason King,Operations,1129
1941,12,Megan Kelley,Finance,7337
1942,87,Lori Black,Sales,3363
1943,12,Jonathan Guerrero,Finance,6983
1944,13,Teresa Adams,Sales,1143
1945,25,Rhonda Farrell,Finance,1015
1946,45,Taylor Barber,Operations,7566
1947,19,Curtis Ford,Operations,1244
1948,55,Paul Cannon,Engineering,1926
1949,100,Jennifer Dalton,Marketing,4178
1950,45,Madison Singleton,Finance,3176
1951,8,Dustin Martin,Engineering,6002
1952,93,Cynthia Allen,Marketing,1886
1953,53,Alexis Robles,Finance,1340
1954,55,John Esparza,Sales,3051
1955,32,Taylor Harris,Marketing,4398
1956,51,Allen Clarke,Operations,6529
1957,44,Juan Newman,Engineering,4950
1958,82,Nathan Casey,Marketing,1305
1959,70,Steven Edwards,Marketing,1907
1960,18,Arthur Friedman,Operations,3654
1961,83,Megan Blackwell,Finance,4792
1962,22,Ryan Cameron,Sales,5042
1963,37,Kenneth Mason,Operations,2371
1964,96,Matthew Carpenter,Sales,1320
1965,56,Kelly Crawford,Finance,5654
1966,59,Kyle Mejia,Marketing,5059
1967,3,Ronnie Mclaughlin,Sales,6300
1968,28,Natasha Walls,Engineering,7761
1969,74,Brian Lewis,Engineering,7854
1970,35,Jason Roy,Operations,6505
1971,61,Joseph Lyons,Finance,6737
1972,93,Joshua Wells,Operations,2131
1973,54,Donald Mueller,Operations,3578
1974,63,John Richardson,Operations,7553
1975,79,Matthew Stein,Engineering,5042
1976,97,Patrick Lindsey,Engineering,4367
1977,7,Thomas Powers,Operations,1817
1978,76,James Fowler,Engineering,6290
1979,49,Stephanie Jennings,Finance,7636
1980,94,Cynthia Ramos,Operations,1011
1981,85,Tyler Pennington,Engineering,1194
1982,31,Elizabeth Mayer,Sales,3537
1983,58,Elizabeth Villarreal,Operations,3842
1984,61,Jeffrey Stewart,Operations,3229
1985,24,Maria Mccormick,Finance,4009
1986,20,Bobby Chan,Marketing,5751
1987,37,Norman House MD,Marketing,7017
1988,4,Thomas Garcia,Finance,7837
1989,92,Dean Jones,Finance,3077
1990,20,Nicholas Kelley,Finance,6715
1991,60,Michael Gill,Marketing,4867
1992,24,Catherine Ramos,Finance,6215
1993,50,April Gonzalez,Engineering,5873
1994,49,Kenneth Rodriguez,Operations,1443
1995,51,Micheal Saunders,Operations,1297
1996,96,Beverly Wheeler,Sales,5903
1997,36,Todd Hayes,Sales,6856
1998,98,Brandi Thompson,Operations,1844
1999,100,Erin Campbell,Engineering,2015
2000,66,Jacob Long,Marketing,2384
